by,score,time,url,text,id,type,title,kids,descendants
not_a_boat,19,1714832221,https://www.beautifulpublicdata.com/the-mirror-fusion-test-facility/,,40257843,story,The Mirror Fusion Test Facility (2023),"[40258169, 40258156, 40257939, 40257942, 40257960, 40257902]",7
downboots,73,1714716721,https://www.imsc.res.in/~hbar/PDFs_2017/Paper_by_Demaine_Demaine_Lubiw.pdf,,40244653,story,Folding and One Straight Cut Suffice [pdf] (1999),"[40257363, 40258136, 40256702, 40257405, 40256481, 40256472, 40256969]",11
Brajeshwar,26,1714830829,https://www.technologyreview.com/2024/05/03/1092026/cancer-vaccines-are-having-a-renaissance/,,40257689,story,Cancer vaccines are having a renaissance,"[40258245, 40258172, 40258176]",13
qsantos,40,1714536153,https://www.tugberkugurlu.com/archive/resistance-against-london-tube-map-commit-history-a-k-a--git-merge-hell,,40219386,story,Resistance Against Git Merge Hell,"[40221673, 40221394, 40221879, 40221621, 40258011, 40221426, 40221806, 40222357, 40257543, 40221882, 40258081, 40222288, 40221581, 40221682, 40221981, 40222315]",84
caratrayd,1,1714824028,https://www.ycombinator.com/companies/trayd/jobs/mWFq6En-technical-customer-success-associate,,40256991,job,Trayd (YC S23) Is Hiring Technical Customer Success Associate,,
pg5,394,1714759885,https://bandmatch.app,,40250557,story,Show HN: BandMatch – “Tinder” but for finding musicians to create bands/collab,"[40258288, 40257585, 40252315, 40252985, 40256130, 40253757, 40253082, 40255138, 40250722, 40251389, 40251974, 40256603, 40254508, 40250964, 40252283, 40250880, 40251124, 40251591, 40253704, 40257012, 40252717, 40252288, 40252142, 40253323, 40255764, 40253504, 40253546, 40253149, 40253572, 40252343, 40251205, 40251757, 40252897, 40251195, 40253162, 40254102, 40253300, 40256210, 40250911, 40252982, 40257245, 40254662, 40253800, 40253736, 40253745, 40251331, 40254931, 40254165, 40253477, 40253277, 40253133, 40251408, 40252347, 40253438, 40251874, 40250893, 40253389, 40250954]",196
bustylasercanon,136,1714782204,https://bloom-ui.fly.dev/,"I&#x27;ve been writing Elixir for 5 years and made plenty of sites with Phoenix and LiveView but my biggest gripe has always been with the lack of quality UI components available.<p>The JS ecosystem has so many, and it&#x27;s the one thing I miss from being primarily a React &amp; Node developer.<p>So this is my attempt at bringing some pretty and useful components most applications need to Phoenix projects to try and fill in the gaps between what makes LiveView such a productive joy to work with.<p>The library is very very raw and requires some initial clean up so PRs are very welcome to tidy up the DX as well as the general quality of the repo &amp; components.<p>Hope you like it.",40253774,story,Show HN: Bloom – A shadcn like UI library for Elixir and Phoenix,"[40257593, 40258126, 40257394, 40256259, 40255451]",15
YeGoblynQueenne,26,1714824799,https://www.theguardian.com/world/article/2024/may/04/vulture-shortage-threatens-zoroastrian-burial-rites-india-iran-pakistan,,40257064,story,Vulture shortage threatens Zoroastrian burial rites,"[40258093, 40258054, 40257243, 40258051]",17
abi,370,1714771606,https://github.com/abi/secret-llama,"I spent the last few days building out a nicer ChatGPT-like interface to use Mistral 7B and Llama 3 fully within a browser (no deps and installs).<p>I’ve used the WebLLM project by MLC AI for a while to interact with LLMs in the browser when handling sensitive data but I found their UI quite lacking for serious use so I built a much better interface around WebLLM.<p>I’ve been using it as a therapist and coach. And it’s wonderful knowing that my personal information never leaves my local computer.<p>Should work on Desktop with Chrome or Edge. Other browsers are adding WebGPU support as well - see the Github for details on how you can get it to work on other browsers.<p>Note: after you send the first message, the model will be downloaded to your browser cache. That can take a while depending on the model and your internet connection. But on subsequent page loads, the model should be loaded from the IndexedDB cache so it should be much faster.<p>The project is open source (Apache 2.0) on Github. If you like it, I’d love contributions, particularly around making the first load faster.<p>Github: <a href=""https:&#x2F;&#x2F;github.com&#x2F;abi&#x2F;secret-llama"">https:&#x2F;&#x2F;github.com&#x2F;abi&#x2F;secret-llama</a>
Demo: <a href=""https:&#x2F;&#x2F;secretllama.com"" rel=""nofollow"">https:&#x2F;&#x2F;secretllama.com</a>",40252569,story,Show HN: I built a free in-browser Llama 3 chatbot powered by WebGPU,"[40257168, 40258004, 40254601, 40256774, 40253752, 40257102, 40257178, 40257590, 40254302, 40253844, 40255925, 40256285, 40256640, 40254170, 40253816, 40255802, 40253934, 40253926, 40254700, 40253756, 40256665, 40255063, 40254636, 40257438, 40253432, 40257204, 40253749, 40256841, 40255875, 40255260, 40254687, 40255187, 40256839, 40256837]",88
soheilpro,182,1714727659,https://www.figma.com/blog/figmas-journey-to-typescript-compiling-away-our-custom-programming-language/,,40245686,story,Figma’s Journey to TypeScript,"[40258098, 40255179, 40255280, 40258165, 40255818, 40256842, 40255556, 40256473, 40257392, 40256852, 40255804, 40256692, 40257323, 40255426, 40256818]",161
coloneltcb,382,1714742798,https://english.nv.ua/life/27-unique-volumes-of-grimm-brothers-fairy-tales-were-found-in-poland-50415035.html,,40247421,story,Unique volumes of Brothers Grimm fairy tales discovered in Poland,"[40249844, 40248717, 40248373, 40248223, 40253618, 40248163, 40249524, 40250764, 40248204, 40254074, 40248423, 40253144, 40250720, 40249431, 40248167, 40248959]",111
walterbell,16,1714556701,https://blog.castopod.org/understanding-op3-with-john-spurlock/,,40221235,story,Understanding Open Podcast Prefix Project (OP3) with John Spurlock,"[40258255, 40257706, 40257668, 40257540]",11
dnetesn,98,1714785816,https://nautil.us/i-never-stopped-learning-from-daniel-dennett-569904/,,40254047,story,I never stopped learning from Daniel Dennett,"[40258215, 40255265, 40255081, 40255119]",10
Caiero,37,1714543137,https://www.noemamag.com/a-clock-in-the-forest/,,40220002,story,A Clock in the Forest,"[40257190, 40255251, 40257172]",4
matusgallik008,50,1714556380,,"hey, i work as an SRE for a company where we allow users to upload media files (e.g. profile picture, attach docs or videos to tasks..the usual). We currently just take a S3 pre-signed URL and let the user upload stuff. Occasionally, limits are set on the &lt;input&#x2F;&gt; element for file types.<p>I don&#x27;t feel this is safe enough. I also feel we could do better by optimizing images on the BE, or creating thumbnails for videos. But then there is the question of cost on AWS side.<p>Anybody have experience with any of this? I imagine having a big team and dedicated services for media processing could work, but what about small teams?<p>All thoughts&#x2F;discussions are welcome.",40221210,story,Ask HN: How to handle user file uploads?,"[40238600, 40247889, 40256703, 40221233, 40257852, 40256971, 40223051, 40256709, 40256784, 40256742, 40256451, 40256416, 40233148, 40252112, 40256453, 40256427, 40256465, 40256307, 40223227, 40257284, 40222470]",50
skilled,345,1714554912,https://natureofcode.com/introduction/,,40221067,story,The Nature of Code (2nd Edition),"[40257954, 40257827, 40221214, 40248750, 40250043, 40249628, 40253573, 40251949, 40252736, 40257215, 40251442, 40254856, 40250217, 40255914, 40256632, 40249634, 40254113, 40248990, 40254195, 40250032, 40251259, 40250241]",38
PaulHoule,113,1714764322,https://daily.jstor.org/the-physics-of-karate/,,40251317,story,The Physics of Karate (2021),"[40252171, 40252188, 40256335, 40255701, 40253005, 40252071, 40252805, 40255154, 40252634, 40254150, 40252082, 40253971, 40252519, 40252007]",88
Brajeshwar,195,1714749217,https://spectrum.ieee.org/ai-coding,,40248619,story,AI copilots are changing how coding is taught,"[40255488, 40254012, 40250835, 40257203, 40257212, 40253998, 40250538, 40255956, 40250728, 40255632, 40255308, 40254410, 40254873, 40254263, 40257415, 40257416, 40253343, 40250582, 40255079, 40251579, 40251050, 40257457, 40255277, 40250904, 40251853, 40251122, 40255029, 40255681, 40253435, 40254435, 40254308, 40253891, 40251029, 40258050, 40250552, 40253354, 40250980]",370
techedlaksh,220,1714759613,https://glitchcomet.com/articles/1024-bit-primes/,,40250519,story,How hard can generating 1024-bit primes be?,"[40252687, 40252010, 40254238, 40257545, 40253460, 40253462, 40253841, 40252105, 40251995, 40255964, 40254357, 40255655, 40254469, 40256911, 40254205, 40254183, 40253416, 40253373, 40251987, 40253824, 40251959, 40253678]",68
sebg,465,1714700670,https://alexgarcia.xyz/blog/2024/building-new-vector-search-sqlite/index.html,,40243168,story,I’m writing a new vector search SQLite Extension,"[40244002, 40243906, 40246236, 40250624, 40247186, 40245186, 40243851, 40243740, 40244568, 40249711, 40244410, 40245085, 40247018, 40245171, 40244182, 40245364, 40254337, 40251295, 40251617, 40245074, 40245576, 40245027]",85
Sajarin,103,1714759637,https://sato-team.github.io/Stable-Text-to-Motion-Framework/,,40250525,story,SATO: Stable Text-to-Motion Framework,"[40255000, 40252709, 40255074, 40253365, 40250708, 40251808, 40253901, 40254378, 40253223]",18
domdomegg,60,1714822608,https://adamjones.me/blog/dont-use-contact-forms/,,40256868,story,I don't want to fill out your contact form,"[40258200, 40257924, 40258220, 40258109, 40258213, 40258112, 40257941, 40258049, 40258130, 40257922, 40258125, 40256932, 40257897, 40258047]",16
ementally,740,1714744001,https://mullvad.net/en/blog/dns-traffic-can-leak-outside-the-vpn-tunnel-on-android,,40247604,story,DNS traffic can leak outside the VPN tunnel on Android,"[40247762, 40247917, 40248123, 40257898, 40249429, 40249383, 40247858, 40248020, 40250046, 40248699, 40251443, 40248779, 40247982, 40248893, 40247787, 40248334, 40250437, 40248133, 40257108, 40251233, 40248051, 40248862, 40248690, 40249878, 40251967, 40248945, 40248144, 40250514, 40253758, 40248028, 40252543, 40247786]",343
yeldarb,92,1714578435,https://github.com/google-deepmind/torax,,40224937,story,TORAX is a differentiable tokamak core transport simulator,"[40253830, 40252042, 40252908, 40251799, 40254427]",15
jasim,604,1714672094,https://danielchasehooper.com/posts/shapeup/,,40239164,story,Making a 3D modeler in C in a week,"[40239834, 40240387, 40240656, 40240736, 40257282, 40245310, 40243811, 40243446, 40241166, 40242468, 40243124, 40240481, 40240021, 40243310, 40243293, 40240922, 40243206, 40246896, 40239645, 40240822, 40243729, 40242912, 40249930, 40240309, 40240921, 40240130, 40242695, 40240857, 40245546, 40241599, 40244341, 40245223, 40243198]",173
luu,249,1714518312,https://people.math.harvard.edu/~ctm/home/text/others/shannon/entropy/entropy.pdf,,40217554,story,A Mathematical Theory of Communication [pdf],"[40250647, 40249638, 40249933, 40251915, 40250221, 40251901, 40249300, 40249540, 40254352, 40250515, 40249303, 40250249, 40249088]",38
Luc,122,1714749737,https://www.darpa.mil/news-events/2024-05-01,,40248721,story,Manta Ray UUV prototype completes in-water testing,"[40249084, 40249046, 40250118, 40248881, 40249136, 40251079, 40249137, 40249329, 40248944, 40249694, 40249114, 40249149, 40250814, 40249298, 40250590, 40250279, 40249232, 40250541, 40249697]",78
siegers,195,1714747189,https://www.lowercase.app/,,40248217,story,Lowercase – A simple way to take and share notes,"[40250746, 40258175, 40254438, 40249897, 40249455, 40257402, 40248688, 40248991, 40252770, 40248595, 40256253, 40251228, 40248279, 40250060, 40254722, 40248901, 40249323, 40253390, 40248441, 40251715, 40251171, 40257734, 40249967, 40249658, 40248863]",142
PaulHoule,64,1714766501,https://arxiv.org/abs/2402.16671,,40251747,story,StructLM: Towards Building Generalist Models for Structured Knowledge Grounding,,0
DeathArrow,26,1714828413,https://github.com/bigcode-project/starcoder2-self-align,,40257420,story,StarCoder2-Instruct: Transparent Self-Alignment for Code Generation,"[40257965, 40258113, 40257645, 40257844]",6
imaq,643,1714726851,https://alinpanaitiu.com/blog/woodworking-escape-from-software-absurdity/,,40245601,story,Woodworking as an escape from the absurdity of software,"[40246033, 40250390, 40245873, 40248814, 40248343, 40257767, 40246938, 40246573, 40245860, 40246105, 40246243, 40249503, 40247705, 40257525, 40246729, 40246041, 40248560, 40247048, 40247130, 40249544, 40245808, 40246407, 40247460, 40250642, 40246283, 40246421, 40246439, 40249044, 40249163, 40245913, 40248388, 40255436, 40246654, 40248705, 40257938, 40246308, 40257896, 40257888, 40250233, 40246680, 40251547, 40247864, 40247853, 40254163, 40246622, 40248062, 40248833, 40247948, 40254128, 40254721, 40254532, 40251676, 40251685, 40245797, 40247378, 40246850, 40248375, 40248626, 40247746, 40247227, 40252198, 40246547, 40247945, 40254253, 40246771, 40245995, 40247041, 40251206, 40245884, 40245987]",489
gitinit,310,1714694168,https://github.com/Stirling-Tools/Stirling-PDF,,40242639,story,"Stirling PDF: Self-hosted, web-based PDF manipulation tool","[40248518, 40257670, 40245096, 40243860, 40245090, 40244627, 40244802, 40244283, 40251549, 40249772, 40245064, 40248677, 40248252, 40244366, 40245614, 40248339, 40245036, 40250919, 40245545, 40244320, 40244977, 40244481, 40257161, 40249631, 40255460]",93
dchest,504,1714643375,https://www.tunera.xyz/fonts/teranoptia/,,40234383,story,Teranoptia – a typeface that allows you to imagine chimeric creatures,"[40237704, 40236855, 40240868, 40236905, 40236761, 40244332, 40236489, 40236875, 40241155, 40245297, 40238284, 40237381, 40235815, 40238137, 40245383, 40237651]",50
zdw,129,1714580519,https://jgeekstudies.org/2024/04/26/are-japanese-anime-robots-isometric-or-allometric/,,40225410,story,Are Japanese anime robots isometric or allometric?,"[40258003, 40254896, 40257913, 40256250, 40255785, 40254229, 40254725, 40254730]",58
tosh,74,1714760664,https://twitter.com/karpathy/status/1786461447654125625,,40250693,story,"llm.c: multi-GPU, bfloat16, flash attention, ~7% faster than PyTorch","[40255067, 40253658, 40252464, 40254817]",4
techedlaksh,386,1714691860,https://a.singlediv.com/,,40242410,story,A Single Div,"[40244095, 40242442, 40243984, 40244575, 40248697, 40247847, 40243821, 40243502, 40247906, 40243514, 40245675, 40245177, 40243981, 40243505, 40243507, 40247071, 40245616, 40244127, 40250303, 40246616]",68
kryptiskt,249,1714636234,https://blog.funcall.org//lisp%20psychoacoustics/2024/05/01/worlds-loudest-lisp-program/,,40233736,story,The world's loudest Lisp program to the rescue,"[40243063, 40241281, 40241735, 40245655, 40241936, 40244462, 40240979]",92
carabiner,136,1714630968,https://en.wikipedia.org/wiki/Goodyear_Inflatoplane,,40233259,story,Goodyear Inflatoplane,"[40246736, 40246335, 40248752, 40246182, 40246221, 40249070, 40250546, 40249442, 40247117, 40246184, 40248022, 40246623, 40246143, 40250978, 40246023]",68
ohjeez,156,1714701513,https://news.gatech.edu/news/2024/05/02/georgia-tech-and-meta-create-massive-open-dataset-advance-ai-solutions-carbon,,40243242,story,"Georgia Tech, Meta create open dataset to advance solutions for carbon capture","[40247094, 40257869, 40244082, 40244509, 40244406, 40249906, 40244386, 40249831, 40244226, 40248538, 40254580, 40247533, 40247576, 40244104]",153
ColinWright,89,1714638437,https://www.selfawaresoup.com/notes/2024/05/01/the-user-is-on-their-own/,,40233933,story,The user is on their own,"[40251390, 40251951, 40254910, 40251946, 40251365, 40251384, 40251889, 40253471, 40252378, 40251869, 40255609, 40252996, 40251120, 40252688, 40254842, 40252768, 40251472, 40252542, 40253509, 40252846, 40254523, 40253379, 40252528, 40251782, 40251623, 40252945, 40252879, 40251387, 40251848, 40252137, 40252759, 40251553, 40252588, 40253888, 40251804, 40256003]",95
noashavit,16,1714749613,https://www.drawio.com/,,40248692,story,Open-Source Lucidchart Alternative,,0
sr-latch,320,1714679688,https://blog.ablspacesystems.com/p/building-e2,,40240724,story,Building a rocket engine from scratch,"[40242230, 40241202, 40244145, 40241381, 40247309, 40245800, 40251966, 40241758, 40244557, 40247896, 40241656, 40243940, 40241772]",86
thelastgallon,161,1714569251,https://www.cnbc.com/2024/05/01/johnson-johnson-will-pay-6point5-billion-to-resolve-nearly-all-talc-ovarian-cancer-lawsuits-in-us.html,,40222722,story,Johnson and Johnson to pay $6.5B to resolve talc ovarian cancer lawsuits in U.S.,"[40236802, 40236679, 40236809, 40225325, 40244539, 40236564, 40237291, 40236844, 40236148, 40246353, 40225214, 40253014, 40236713, 40236557, 40240047, 40237600, 40236611]",122
anonzzzies,51,1714733030,https://github.com/aartaka/trivial-inspect,,40246185,story,A portable Common Lisp toolkit for building inspectors,"[40250445, 40257030, 40252023, 40253598, 40253246]",17
someotherperson,70,1714786232,https://arstechnica.com/information-technology/2022/12/my-secret-life-as-an-11-year-old-bbs-sysop/,,40254080,story,My secret life as an 11-year-old BBS sysop (2022),"[40255220, 40254608, 40257472, 40256738, 40255799, 40255142, 40255823, 40256470]",8
bpierre,212,1714745509,https://github.com/jantimon/text-box-trim-examples,,40247871,story,CSS Text Box Trim,"[40248641, 40248459, 40248527, 40249407, 40250027, 40253437, 40250551, 40252869, 40249339, 40249058, 40248853, 40254340, 40249417, 40250466]",48
PaulHoule,137,1714744256,https://reasonstobecheerful.world/mexico-chinampas-floating-gardens-sustainable-farming/,,40247662,story,Mexico's Floating Gardens,"[40248763, 40248228, 40249708, 40250572, 40251838, 40251516, 40254486, 40248754, 40252143]",28
Brajeshwar,52,1714755847,https://www.theverge.com/24146299/costa-rica-forest-restoration-renewable-energy-lessons,,40249858,story,Costa Rica restored its forests and switched to renewable energy,"[40252346, 40252934, 40253053]",6
wallflower,8,1714774054,https://www.analogsky.co/magic,,40252933,story,Make your own stargazing binoculars,,0
ulrischa,18,1714712283,https://developer.mozilla.org/en-US/blog/mdn-blog-one-year-on/,,40244205,story,A year of publishing the MDN Blog,[40258105],1
derbOac,38,1714775050,https://www.theverge.com/2024/5/2/24147154/ecobee-smart-thermostat-end-of-support,,40253041,story,"After 16 years, Ecobee is ceasing support for original smart thermostat","[40256174, 40253884, 40253835]",34
botanical,30,1714707279,https://e360.yale.edu/features/nonhle-mbuthuma-interview,,40243773,story,One South African community stopped Shell oil in its tracks,,0
angledense,56,1714508329,https://www.theguardian.com/books/2016/jan/20/fairytales-much-older-than-previously-thought-say-researchers,,40215795,story,"Fairytales much older than previously thought, say researchers (2016)","[40215801, 40258107, 40256565, 40256506, 40256355, 40255734, 40255387, 40256650]",18
0x00000000,154,1714698632,https://xn--6xw240d.net/,,40243014,story,Dressmaking CAD,"[40248002, 40244871, 40245336, 40244111, 40248059, 40245114, 40245961, 40247358]",38
Metacelsus,68,1714821442,https://www.science.org/content/article/what-philippine-court-ruling-means-transgenic-golden-rice-once-hailed-dietary,,40256754,story,Phillipine court bans growth of transgenic golden rice,"[40257567, 40257290, 40257744, 40258154, 40257800, 40257403, 40257727, 40257814, 40257377, 40257409, 40257268, 40257471, 40256859, 40257294, 40257247, 40257369]",85
alexzeitler,92,1714743450,https://github.com/xlmnxp/blue-recorder,,40247528,story,"Blue-Recorder, a Simple Screen Recorder Written in Rust","[40249228, 40250706, 40258055, 40254787, 40251527, 40249954, 40247737]",48
simonpure,53,1714728598,https://writings.stephenwolfram.com/2024/05/why-does-biological-evolution-work-a-minimal-model-for-biological-evolution-and-other-adaptive-processes/,,40245769,story,A Minimal Model for Biological Evolution and Other Adaptive Processes,"[40254003, 40250520, 40251438]",6
translocator,45,1714498312,https://www.biographic.com/fire-for-water/,,40213588,story,Fire for Water: A tribe in California is helping to reshape fire management,"[40249110, 40252309, 40251585, 40249367, 40248426, 40247334, 40251906, 40233332]",22
davidbarker,235,1714711856,https://globalnews.ca/news/10463535/ontario-family-doctor-artificial-intelligence-notes/,,40244165,story,Ontario family doctor says new AI notetaking saved her job,"[40247866, 40257635, 40247609, 40249805, 40257255, 40254439, 40248671, 40245394, 40248070, 40257828, 40251795, 40248093, 40252854, 40248410, 40245136, 40249410, 40244861, 40244898, 40245080, 40249685, 40248405, 40245265, 40244733, 40248118, 40244878, 40244887, 40245224, 40247833, 40256278]",246
fmerian,241,1714727188,https://bump.sh/blog/how-to-use-json-path,,40245637,story,How to Use JSON Path,"[40246209, 40251934, 40247663, 40245811, 40251203, 40246397, 40245757, 40246074, 40253031, 40249134, 40246457, 40247741, 40247101, 40246542, 40252121, 40246503, 40249539, 40249122, 40247260, 40250784, 40245862]",123
WithinReason,209,1714666554,https://longnow.org/ideas/to-save-it-eat-it/,,40237947,story,Gene banks aren’t enough to save the world’s food,"[40241483, 40240695, 40240803, 40241217, 40241034, 40240513, 40242274, 40243495, 40244515, 40242768, 40241263, 40243556, 40241693, 40250599, 40245058, 40241450, 40241086, 40240495, 40240332, 40240793, 40241610]",111
dukeyukey,46,1714644626,https://www.samdumitriu.com/p/visiting-the-worlds-most-expensive,,40234490,story,Visiting the most expensive nuclear station,"[40234838, 40252416, 40252616, 40254325, 40253402, 40252614, 40254083, 40253493, 40253146]",44
vvoruganti,257,1714671481,https://kyju.org/blog/piccolo-a-stackless-lua-interpreter/,,40239029,story,Piccolo – A Stackless Lua Interpreter,"[40244030, 40243131, 40240708, 40239817, 40245536, 40240677, 40240759, 40239873, 40242879]",23
jasondavies,55,1714754927,https://eureka-research.github.io/dr-eureka/,,40249696,story,DrEureka: Language Model Guided SIM-to-Real Transfer,"[40254862, 40250549, 40254077, 40251100, 40250928, 40250756]",13
rbanffy,12,1714727137,https://spectrum.ieee.org/smart-agriculture,,40245626,story,Agricultural IoT System Sends Power Through the Soil,,0
tintinnabula,243,1714621571,https://www.youtube.com/watch?v=4hOK7bU0S1Y,,40232492,story,How did Ancient Greek music sound?,"[40237716, 40237383, 40238122, 40241175, 40237842, 40237412, 40245440, 40238206, 40239769, 40240912, 40238058, 40239138, 40238880, 40241006, 40240080, 40240980, 40239949, 40237418, 40237474]",98
dnetesn,108,1714785915,https://nautil.us/insects-and-other-animals-have-consciousness-571584/,,40254054,story,Insects and other animals have consciousness,"[40257932, 40257813, 40255065, 40255211, 40254965, 40255101, 40258019, 40255447, 40255217, 40256163, 40255412, 40257558, 40257936, 40255323, 40255077, 40255522, 40254918, 40254884, 40255960, 40254957, 40255749, 40255206, 40255168, 40255911, 40257685]",168
nateb2022,251,1714612014,https://github.com/espeak-ng/espeak-ng,,40231630,story,ESpeak-ng: speech synthesizer with more than one hundred languages and accents,"[40232384, 40233104, 40232263, 40235318, 40233054, 40234196, 40232309, 40234788, 40234245, 40234739, 40234722, 40232527, 40233249, 40235194, 40236704, 40232320, 40233103, 40235950, 40236035, 40236412, 40232626, 40238113, 40239381, 40232672]",106
8organicbits,92,1714738837,https://theunderground.blog/,,40246841,story,Experimental blog that is only available to read through a feed reader,"[40248189, 40247499, 40247238, 40247814, 40247844, 40247303, 40247244, 40249984, 40250802, 40249794, 40250071, 40248883, 40247776, 40250442, 40248442, 40247277, 40248562, 40247426, 40247475, 40247335]",81
sansjack,69,1714720615,https://boilermate.site/hot,While looking for some code boilerplates i realised there isn&#x27;t really an easy &#x2F; efficient place to browse. Boilermate.site was made for the community to share them and give a vote!,40245050,story,Show HN: I built a site to share code boilerplates,"[40249734, 40257423, 40245097, 40248468, 40249264, 40249713, 40252864, 40247594, 40253007, 40248365, 40248158, 40250968, 40247408, 40253304]",31
ingve,189,1714636718,https://chipsandcheese.com/2024/05/01/inside-the-snapdragon-855s-igpu/,,40233784,story,The Snapdragon 855's iGPU,"[40240594, 40235362, 40238703, 40234429, 40234452]",80
practicalrs,201,1714549149,https://github.com/pcwalton/offset-allocator,,40220542,story,"Fast, simple, hard real time allocator for Rust","[40234344, 40239042, 40236634, 40239027, 40234338, 40241662, 40220543, 40234599, 40237754]",57
gnabgib,45,1714756389,https://www.bleepingcomputer.com/news/security/google-rolls-back-recaptcha-update-to-fix-firefox-issues/,,40249944,story,Google rolls back reCaptcha update to fix Firefox issues,"[40256140, 40257640, 40256751, 40250399, 40255066, 40253762, 40251866, 40252939, 40256546, 40253269, 40253917, 40256558]",22
ingve,35,1714819761,https://utcc.utoronto.ca/~cks/space/blog/tech/UEFIAndBIOSAndOtherPCTerms,,40256574,story,"UEFI, BIOS, and other confusing x86 PC (firmware) terms","[40257103, 40257148, 40257226]",7
ripe,85,1714646726,https://lithub.com/how-silk-helped-the-armies-of-genghis-khan-conquer-asia/,,40234682,story,Silk Helped the Armies of Genghis Khan Conquer Asia,"[40244566, 40246281, 40244120, 40244081, 40244349, 40256334, 40244076, 40249359, 40245528, 40244503, 40245115, 40243787, 40251256]",63
jger15,37,1714749788,https://freddiedeboer.substack.com/p/the-modern-curse-of-overoptimization,,40248732,story,The Modern Curse of Overoptimization,"[40251065, 40250759, 40250779, 40250817, 40253084, 40251342]",8
internetter,58,1714779627,https://boehs.org/node/bountysource,,40253514,story,"Bountysource Stole at Least $17,000 from Open Source Developers","[40254297, 40257803, 40254292, 40254326, 40255108, 40256162, 40257123]",18
philocalyst,6,1714753688,https://sites.wpp.com/annualreports/2014/what-we-think/essay-by-jeremy-bullmore/,,40249477,story,You May Not Know Where You're Going Until You've Got There(2014),,0
traviskuhl,5,1714833409,https://arstechnica.com/cars/2024/05/chaos-at-tesla-what-analysts-think-about-elon-musks-cuts-and-layoffs/,,40257997,story,What's happening at Tesla? Here's what experts think,"[40258168, 40258085]",1
Brajeshwar,442,1714749256,https://newatlas.com/energy/natron-sodium-ion-battery-production-startt/,,40248627,story,Lithium-free sodium batteries exit the lab and enter US production,"[40249330, 40249934, 40248806, 40250492, 40249660, 40251306, 40252011, 40251743, 40250504, 40249147, 40249153, 40249113, 40251023, 40250358, 40249038, 40253996, 40251058, 40250098, 40249838, 40254020, 40248950, 40250433, 40254143, 40251224, 40249181, 40251686, 40250955, 40249186, 40252361, 40251556, 40251333, 40252060, 40249620]",354
bms2297,113,1714691157,https://www.mattcutts.com/blog/google-synonyms/,,40242335,story,More info about synonyms at Google (2010),"[40242336, 40242685, 40242519, 40243105, 40249641, 40242448, 40242744, 40242743]",48
gnabgib,75,1714783383,https://theconversation.com/how-much-time-should-you-spend-sitting-versus-standing-new-research-reveals-the-perfect-mix-for-optimal-health-228894,,40253868,story,How much time should you spend sitting versus standing?,"[40254734, 40254274, 40254315, 40254648, 40254323, 40256705, 40256415, 40254448, 40256753, 40254341]",60
rntn,31,1714754436,https://www.techdirt.com/2024/05/03/court-supports-ny-states-quest-to-require-15-broadband-for-poor-people-much-to-big-telecoms-horror/,,40249601,story,"Court Supports NY's Requiring $15 Broadband for Poor, to Big Telecom's Horror",[40249665],1
T-A,248,1714606884,https://royalsocietypublishing.org/doi/10.1098/rsos.231906,,40230988,story,Horizontal running inside circular walls of Moon settlements,"[40231589, 40231363, 40235024, 40232377, 40231980, 40232996, 40232323, 40234453, 40232403, 40232315, 40237248, 40232536, 40232121, 40233425, 40231180, 40231394, 40232140, 40234850, 40231245, 40231298]",142
Brajeshwar,49,1714737133,https://www.theverge.com/2024/5/2/24146743/university-of-tokyo-atacama-observatory-telescope-highest-altitude-infrared,,40246601,story,The highest observatory in the world just opened in Chile,[40248836],6
Brajeshwar,19,1714737142,https://techcrunch.com/2024/05/02/google-will-now-show-labels-in-play-store-to-denote-official-government-apps/,,40246603,story,Google will now show labels in Play Store to denote official government apps,,0
conanxin,8,1714828936,https://www.oreilly.com/radar/rising-tide-rents-and-robber-baron-rents/,,40257470,story,Rising Tide Rents and Robber Baron Rents,"[40258218, 40257914]",1
MiguelX413,172,1714771257,https://bsky.app/profile/silverwuffamute.bsky.social/post/3kqbd476nvk2i,,40252525,story,Discord Applying Forced Arbitration - opt-out before it is too late!,"[40253155, 40258089, 40253921, 40252840, 40254801, 40253282, 40252884, 40253649, 40253035, 40254735, 40252570, 40254267, 40252720, 40253371, 40254335, 40255869, 40254400, 40253248, 40253608, 40254599, 40252632, 40253119, 40252728, 40252630]",92
InitEnabler,641,1714488885,https://pyinfra.com/,,40211655,story,Pyinfra: Automate Infrastructure Using Python,"[40212701, 40212449, 40215908, 40213558, 40212747, 40214789, 40212984, 40215385, 40218145, 40212897, 40214563, 40228934, 40218169, 40213946, 40213688, 40212026, 40221021, 40232291, 40213530, 40220186, 40213062, 40213061, 40221616, 40215062, 40219627, 40215879, 40220525, 40213268, 40212008, 40219060, 40212023, 40212761, 40221893, 40212588, 40214189, 40214753, 40213412, 40222378]",216
keepamovin,39,1714729627,https://www.bbc.com/future/article/20240501-the-new-zealand-city-with-a-labyrinth-of-underground-caves,,40245843,story,"Auckland, New Zealand: A city with a labyrinth of underground caves","[40246245, 40247185, 40247803, 40246219, 40254548, 40247830, 40246097, 40253221]",25
jnord,94,1714690025,https://blog.trailofbits.com/2024/05/02/the-life-and-times-of-an-abstract-syntax-tree/,,40242224,story,The life and times of an Abstract Syntax Tree,"[40242527, 40245648, 40242584, 40245237, 40243945, 40243118, 40246757, 40250361, 40247581, 40247295, 40243264]",28
veryluckyxyz,94,1714697726,https://www.lesswrong.com/posts/jGuXSZgv6qfdhMCuJ/refusal-in-llms-is-mediated-by-a-single-direction,,40242939,story,Refusal in LLMs is mediated by a single direction,"[40248418, 40251554, 40249812, 40253092, 40248781, 40254915]",16
thelastgallon,18,1714784778,https://electrek.co/2024/05/02/fully-electric-10000-ton-container-ship-begun-service50000-kwh-batteries/,,40253973,story,Electric 10000 ton container ship has begun service with over 50MWh in batteries,"[40254035, 40256805, 40255305, 40257451, 40254933]",6
neversaydie,239,1714666145,https://www.bbc.co.uk/news/science-environment-68942123,,40237855,story,Wild orangutan seen healing his wound with a plant,"[40243152, 40239355, 40243943, 40246066, 40244974, 40238456, 40250703, 40248957, 40242795, 40239333, 40239693, 40238405, 40238562, 40238955, 40241695, 40238558]",148
amarcheschi,13,1714822978,https://www.foxglove.org.uk/2024/05/02/legal-challenge-to-amazon-uks-new-one-click-to-quit-the-union-tool/,,40256908,story,"Legal challenge to Amazon UK's new ""one-click to quit the union"" tool","[40256945, 40257406, 40257023, 40256938, 40256924]",6
bx376,27,1714719175,https://techcrunch.com/2024/04/27/your-team-sucks/,,40244911,story,Investors won't give you the real reason they are passing on your startup,"[40257999, 40251010, 40254038, 40252560, 40252456, 40252577, 40251792, 40250899]",17
apitman,3,1714758526,https://github.com/rivo/tview,,40250318,story,"Tview – Golang Terminal UI library with rich, interactive widgets",[40258270],0
tankfeeder,30,1714738686,https://craigbarnes.gitlab.io/dte/,,40246818,story,Dte – Text Editor,[40252576],1
TMWNN,100,1714782765,https://www.sfchronicle.com/sf/article/s-f-office-building-value-19438429.php,,40253831,story,"Value of one of S.F.'s biggest buildings plunges by 80% after Uber, Block leave","[40254179, 40254227, 40257364, 40254539, 40254386, 40254099, 40254345, 40253893, 40255953, 40254411, 40254459, 40253997, 40253833, 40254119]",101
pixelbyindex,83,1714626575,https://godotengine.org/article/dev-snapshot-godot-4-3-dev-6/,,40232896,story,Godot 4.3 Dev Snapshot 6 Updates,"[40249894, 40250016, 40251085, 40232907]",12
coloneltcb,419,1714757126,https://www.statnews.com/2024/05/01/wheelchair-repair-delay-numotion-national-seating-mobility/,,40250056,story,"As private equity dominates wheelchair market, users wait months for repairs","[40252212, 40251683, 40252463, 40252205, 40254154, 40253669, 40251864, 40252138, 40253318, 40251992, 40252773, 40252341, 40251677, 40253636, 40253898, 40252941, 40251778, 40253708, 40252166, 40253953, 40252229, 40251661, 40252365, 40252182, 40252489, 40251440, 40251719, 40252083, 40253878, 40253312]",284
demegire,178,1714660578,https://chromewebstore.google.com/detail/wiki-journey/lehenbcbjcnkhkikgopniimobmmdcfog,"Wiki Journey tracks your daily Wikipedia rabbit holes in a tree format.<p>Available on Firefox and Chrome:
<a href=""https:&#x2F;&#x2F;addons.mozilla.org&#x2F;en-US&#x2F;firefox&#x2F;addon&#x2F;wiki-journey&#x2F;"" rel=""nofollow"">https:&#x2F;&#x2F;addons.mozilla.org&#x2F;en-US&#x2F;firefox&#x2F;addon&#x2F;wiki-journey&#x2F;</a>
<a href=""https:&#x2F;&#x2F;chromewebstore.google.com&#x2F;detail&#x2F;wiki-journey&#x2F;lehenbcbjcnkhkikgopniimobmmdcfog"" rel=""nofollow"">https:&#x2F;&#x2F;chromewebstore.google.com&#x2F;detail&#x2F;wiki-journey&#x2F;lehenb...</a><p>It&#x27;s open source, feel free to contribute!
<a href=""https:&#x2F;&#x2F;github.com&#x2F;demegire&#x2F;wiki-journey"">https:&#x2F;&#x2F;github.com&#x2F;demegire&#x2F;wiki-journey</a>",40236797,story,Show HN: An extension to track your Wikipedia adventures,"[40239180, 40237595, 40237819, 40237610, 40237439, 40237620, 40238302, 40238459, 40239368, 40243600, 40237297, 40238075, 40244567, 40238140, 40244785, 40237505, 40237427, 40237267, 40238445, 40240962, 40237700, 40237226, 40237670, 40237207, 40237323, 40237783]",62
dshipper,124,1714748759,https://every.to/chain-of-thought/i-spent-24-hours-with-github-copilot-workspaces,,40248514,story,I Spent 24 Hours with GitHub Copilot Workspaces,"[40249388, 40249675, 40250133, 40249425, 40256827, 40250002, 40249924, 40251140, 40249935, 40250300, 40249167, 40249408, 40250945, 40250937, 40255070, 40249616, 40249654, 40249421, 40250159, 40250246, 40250265, 40254210, 40249353]",71
toomuchtodo,238,1714757999,https://www.thebignewsletter.com/p/an-oil-price-fixing-conspiracy-caused,,40250226,story,Evidence of price-fixing in the oil industry?,"[40251655, 40252126, 40251962, 40251369, 40251117, 40251581, 40253941, 40251357, 40252902, 40253449, 40251595, 40251005, 40250965, 40251458, 40250913, 40251252]",147
fagnerbrack,118,1714748826,https://frontendmasters.com/blog/what-you-need-to-know-about-modern-css-spring-2024-edition/,,40248530,story,What You Need to Know about Modern CSS (Spring 2024 Edition),"[40252861, 40250337, 40252964, 40250197, 40252647, 40250131, 40253145, 40253422, 40252351, 40253710]",19
molli,16,1714735805,https://chromewebstore.google.com/detail/scrix-audio-to-text-trans/aapbilffnkjhifbaejfmcjjcpdpadjfm,,40246445,story,Show HN: ScriX – Chrome extension summarizing speech into bullet points,"[40247850, 40255602, 40248359]",13
thesuperbigfrog,33,1714788786,https://blog.antoyo.xyz/rustc_codegen_gcc-progress-report-32,,40254259,story,Rustc_codegen_GCC: Progress Report #32,[40254272],2
axeleratorr,90,1714521847,https://demo.gocodestudio.com/studio/,"I built a web-based app for building websites. The main unique features are:<p>1. The ability to copy and paste any HTML and CSS into the editor with no limits. I was never able to find another app that could do this without some form of limitation.<p>2. CSS filtering, which means you can click on an element to view and edit the CSS selectors and rules that apply to that element alone. In many cases I&#x27;ve found CSS naming conventions like BEM to become irritating at certain scales, so this is an alternative solution. This part of the app needs some more development work but the concept is there.<p>3. Lightweight UI that leaves most of the development to code. I tend to get annoyed with UI&#x27;s that try and address every styling possibility because it feels like I&#x27;m spending too much time learning the app, when it would have been faster to just type a couple lines of CSS.<p>I would love to hear your feedback. There is no sign up and is <i>not</i> mobile-friendly.<p>Hit [C] on the keyboard to open the code editor or hit the &quot;&lt;&gt;&quot; icon in the toolbar.",40217998,story,Show HN: Browser-based web design platform with code import and CSS filters,"[40243863, 40245116, 40247188, 40222139, 40244210, 40247998, 40224821, 40244031]",17
jshchnz,108,1714690732,https://www.emergetools.com/deep-dives/rabbit-r1,,40242297,story,An analysis of the Rabbit R1  APK,"[40243918, 40243034, 40242840, 40242925, 40242909, 40242770, 40243907, 40243324, 40244064, 40243739, 40242928, 40243815, 40242727, 40243400, 40242779, 40243733, 40243003]",107
jjgreen,87,1714554444,https://tex.stackexchange.com/questions/716175/possible-to-dot-your-is-with-hearts,,40221035,story,Possible to dot your Is with hearts?,"[40238048, 40240259, 40243485, 40234988]",9
xnhbx,23,1714791655,https://asia.nikkei.com/Business/Technology/Japan-ministry-asks-Line-Yahoo-operator-to-shed-Naver-influence,,40254472,story,"Japan ministry asks Line, Yahoo operator to shed Naver influence",,0
zdw,40,1714776862,https://www.timeextension.com/features/flashback-how-the-kindness-of-sega-saved-nvidia-from-going-under,,40253245,story,How the Kindness of Sega Saved Nvidia from Going Under,"[40256354, 40255555, 40255662, 40256658]",6
ankitg12,116,1714735422,https://www.nextplatform.com/2024/05/02/how-to-make-more-money-renting-a-gpu-than-nvidia-makes-selling-it/,,40246398,story,How to Make More Money Renting a GPU Than Nvidia Makes Selling It,"[40247274, 40248579, 40247099, 40247225, 40246843, 40246812, 40249175, 40248845, 40247229]",56
thunderbong,5,1714750097,https://novum.substack.com/p/the-internet-is-like-a-city,,40248795,story,The Internet Is Like a City (But Not in the Way You'd Think),[40249078],1
zh2408,7,1714749854,https://github.com/Cocoon-Data-Transformation/cocoon,"The problem we solve is profiling tables: this is the initial step where you need to understand the table and identify any anomalies.<p>During the process, many small decisions require semantic understanding. For example, missing values are normal for &#x27;deathdate&#x27; (still alive) but abnormal for &#x27;name.&#x27; For outliers, 100 for ages is fine, but some are -1, which is impossible! We use LLMs to semantically understand your tables and detect anomalies.<p>You can try it by uploading a CSV, and we will email back the profile: <a href=""https:&#x2F;&#x2F;cocoon-data-transformation.github.io&#x2F;page&#x2F;"" rel=""nofollow"">https:&#x2F;&#x2F;cocoon-data-transformation.github.io&#x2F;page&#x2F;</a><p>Let me know your feedback. Thanks!",40248744,story,Show HN: An open-source tool that semantically profiles your data using LLMs,[40249297],2
ethanholt1,41,1714723870,https://www.pcmag.com/news/yikes-windows-10-sees-uptick-as-windows-11-share-decreases,,40245363,story,Windows 10 share increases while Windows 11 share decreases,"[40250597, 40245551, 40247677, 40254482, 40249710, 40255359, 40255800, 40247721, 40247505, 40252567, 40247530, 40248608, 40252814, 40255263]",28
microflash,7,1714765157,https://www.nngroup.com/articles/content-design-systems/,,40251477,story,Content Standards in Design Systems,,0
robin_reala,14,1714803049,https://bugzilla.mozilla.org/show_bug.cgi?id=1894735,,40255307,story,ReCAPTCHA is broken for [some|most|all] Windows users,"[40255343, 40257502, 40257637, 40255516, 40257487, 40257520]",5
jchanimal,18,1714661237,http://axisofeval.blogspot.com/2024/05/delimited-generators.html,,40236923,story,Delimited Generators – A more natural API for JS generators,"[40240858, 40246837, 40241428, 40241313, 40240785, 40242285, 40241068, 40240905]",26
beardyw,22,1714806257,https://www.theguardian.com/science/article/2024/may/03/video-of-suns-surface-captures-solar-rain-eruptions-and-coronal-moss,,40255566,story,"Video of sun's surface shows solar rain, eruptions and coronal moss","[40257014, 40257566, 40256161, 40256197]",4
JonoBB,212,1714636334,https://sign.dropbox.com/blog/a-recent-security-incident-involving-dropbox-sign,,40233746,story,A recent security incident involving Dropbox Sign,"[40235548, 40233987, 40233976, 40236529, 40233944, 40237357, 40236130, 40233951, 40236773, 40234000, 40248780, 40234258, 40234654, 40234161, 40234014]",67
chapulin,65,1714670503,https://www.quantamagazine.org/pleasure-or-pain-he-maps-the-neural-circuits-that-decide-20240416/,,40238788,story,Pleasure or pain? He maps the neural circuits that decide,"[40243987, 40240368, 40245539, 40243732, 40241406, 40241190]",30
hubraumhugo,127,1714624911,https://geospy.ai/,,40232755,story,AI Photo Geolocation,"[40237191, 40236685, 40235940, 40236219, 40238198, 40236263, 40241101, 40234732, 40235689, 40237464, 40234638, 40240471, 40234735, 40235448, 40235438, 40234830, 40235152, 40234525, 40236189, 40235180, 40235739, 40238271, 40236956, 40236610, 40238922, 40236868, 40240337, 40234576, 40236820, 40240862, 40242418, 40234763, 40235483, 40236069, 40236765, 40237195, 40236135, 40236972, 40235622, 40238088, 40235067, 40235860, 40240491, 40235687, 40234806, 40235441, 40237100, 40237662, 40237733, 40234958, 40238704, 40235252, 40234795, 40237557, 40240276, 40240627, 40237581, 40234635]",101
mmastrac,119,1714617332,https://www.atlasobscura.com/articles/vivianite-blue-human-remains,,40232171,story,A blue mineral that grows on buried bodies and confuses archaeologists (2016),"[40234978, 40235763, 40235092, 40240554, 40239816, 40235288, 40239836, 40236525, 40243454, 40237703, 40237580, 40235321]",74
sohkamyung,92,1714723699,https://www.theregister.com/2024/05/03/on_call/,,40245348,story,"I can fix this PC, boss, but I'll need to play games for hours to do it","[40247273, 40246789, 40256350, 40246954, 40247014, 40247872, 40246702, 40246846]",35
camel-cdr,36,1714589210,https://cpldcpu.wordpress.com/2024/05/01/decapsulating-the-ch32v203-reveals-a-separate-flash-die/,,40227528,story,Decapsulating the CH32V203 Reveals a Separate Flash Die,[40249194],1
ilamont,8,1714766477,https://www.bloomberg.com/news/articles/2024-05-02/huawei-secretly-backs-us-based-research-with-millions-in-prizes-through-dc-group,,40251745,story,"Huawei Secretly Backs US Research, Awarding Millions in Prizes",,0
zdw,73,1714666745,https://www.canada.ca/en/conservation-institute/services/conservation-preservation-publications/canadian-conservation-institute-notes/longevity-recordable-cds-dvds.html,,40237984,story,"Longevity of Recordable CDs, DVDs and Blu-Rays (2020)","[40239553, 40240210, 40239666, 40240326, 40241094, 40240958, 40239492, 40239586, 40240219, 40240990, 40240406, 40241825, 40240619, 40239501, 40240694, 40241403, 40239503, 40239524]",54
CTOSian,65,1714725057,https://github.com/kuba2k2/firefox-webserial,,40245463,story,Firefox Webserial Addon,"[40249296, 40247510, 40248978, 40250739, 40247439]",53
pepys,74,1714621218,https://blogs.bl.uk/digitisedmanuscripts/2024/04/a-knights-tale.html,,40232466,story,A knight's tale,"[40242407, 40238472, 40239785, 40238157, 40242279, 40239296, 40243071, 40239869, 40240480]",36
belter,10,1714831926,https://techcrunch.com/2024/05/02/eu-csam-scanning-council-proposal-flaws/,,40257812,story,EU plan to force apps to scan for CSAM risks millions of false positives,[40257816],0
Brajeshwar,74,1714755989,https://www.carbonbrief.org/co2-removal-gap-shows-countries-lack-progress-for-1-5c-warming-limit/,,40249876,story,CO2 removal 'gap' shows countries 'lack progress' for 1.5C warming limit,"[40250156, 40252208, 40250329, 40251070, 40250694, 40251191, 40250823, 40252810, 40252305, 40250709, 40254672, 40252745, 40254159, 40252424, 40251239, 40250061]",76
Tomte,358,1714665643,https://crypto.stanford.edu/~dabo/courses/OnlineCrypto/,,40237745,story,Online Cryptography Course (2017),"[40239098, 40238029, 40238257, 40239823, 40238436, 40239088, 40239391, 40240615, 40240114, 40238891, 40243688, 40238221, 40239911, 40238873, 40239770, 40239884, 40240546, 40239564, 40239020, 40240105, 40238245, 40240167, 40239786, 40241770, 40239876, 40238545, 40241971]",56
altilunium,5,1714717463,https://github.com/enzet/map-machine,,40244729,story,Map Machine,,0
e2e4,232,1714685082,https://techcrunch.com/2024/05/02/they-thought-they-were-joining-an-accelerator-instead-they-lost-their-startups/,,40241525,story,They thought they were joining an accelerator – instead they lost their startups,"[40242332, 40241878, 40243153, 40243461, 40241838, 40242209, 40253761, 40242803, 40246783, 40243746, 40242828, 40243196, 40243371, 40243036, 40242137, 40242671, 40245646, 40243267, 40242856, 40244233, 40246835, 40243271, 40242313, 40243059, 40243307, 40243069, 40241973, 40241765, 40246661, 40241747]",152
Hooke,12,1714658650,https://publicdomainreview.org/essay/richard-owen-and-victorian-literature,,40236462,story,Professor Megalow's Dinosaur Bones: Richard Owen and Victorian literature,,0
jasondavies,126,1714557887,https://research.paulengstler.com/invisible-stitch/,,40221345,story,Invisible Stitch: Generating Smooth 3D Scenes with Depth Inpainting,"[40234184, 40231106]",5
wegwerff,346,1714498992,https://mgree.github.io/ffs/,,40213731,story,The File Filesystem (2021),"[40220211, 40215710, 40216398, 40214516, 40214962, 40216762, 40214576, 40220409, 40214271, 40214524, 40226898, 40220821, 40225294, 40237202, 40233272, 40215763, 40214230, 40217942, 40216715, 40215480, 40219028, 40215697, 40214314]",101
rntn,27,1714737359,https://www.techdirt.com/2024/05/02/was-there-a-trojan-horse-hidden-in-section-230-all-along-that-could-enable-adversarial-interoperability/,,40246642,story,Is There Language in Section 230 That Could Enable Adversarial Interoperability?,"[40247711, 40246674, 40249528]",4
elijahbenizzy,39,1714656159,https://github.com/DAGWorks-Inc/hamilton/tree/main/ui,"Hey HN – Stefan and Elijah here from DAGWorks (<a href=""http:&#x2F;&#x2F;dagworks.io&#x2F;"">http:&#x2F;&#x2F;dagworks.io&#x2F;</a>, YC W23).<p>If you don’t remember us from our previous HN launch (<a href=""https:&#x2F;&#x2F;news.ycombinator.com&#x2F;item?id=35056903"">https:&#x2F;&#x2F;news.ycombinator.com&#x2F;item?id=35056903</a>), we’re the authors of Hamilton (<a href=""https:&#x2F;&#x2F;github.com&#x2F;dagworks-inc&#x2F;hamilton"">https:&#x2F;&#x2F;github.com&#x2F;dagworks-inc&#x2F;hamilton</a>), an open-source library for building self-documenting, modular dataflows in python that works for data, ML, LLM pipelines, &amp; even web-workflows.<p>We’ve been developing this UI for a while and we’re excited to say we open-sourced it! It comes out of the box with the following capabilities, and only requires a single line code change to get:<p>1. Execution + metadata capture, e.g. automatic code profiling<p>2. Data&#x2F;artifact observability, e.g. summary statistics over dataframes, pydantic objects, etc...<p>3. Lineage &amp; provenance of data, e.g. quickly see what is upstream &amp; downstream of code&#x2F;data.<p>4. Asset&#x2F;transform catalog, e.g. search &amp; find if feature transforms&#x2F;metrics&#x2F;datasets&#x2F;models exist and where they’re used.<p>While the UI currently only self-populates for Hamilton dataflows, we’re looking to expand to other frameworks (we’d love your feedback!).<p>Check out the following video for an overview: <a href=""https:&#x2F;&#x2F;www.youtube.com&#x2F;watch?v=0VIVSeN7Ij8"" rel=""nofollow"">https:&#x2F;&#x2F;www.youtube.com&#x2F;watch?v=0VIVSeN7Ij8</a>, as well as the documentation: <a href=""https:&#x2F;&#x2F;hamilton.dagworks.io&#x2F;en&#x2F;latest&#x2F;concepts&#x2F;ui&#x2F;"">https:&#x2F;&#x2F;hamilton.dagworks.io&#x2F;en&#x2F;latest&#x2F;concepts&#x2F;ui&#x2F;</a>.<p>We’re looking for feedback&#x2F;adopters – feel free to reach out if you have any questions!",40235944,story,"Show HN: Hamilton's UI – observability, lineage, and catalog for data pipelines","[40237169, 40244558, 40237525, 40244753, 40249414]",10
alanpham,69,1714790311,,"As a designer, I use Lorem Ipsum a lot but none satisfied me. They are either too slow or too clunky.<p><a href=""https:&#x2F;&#x2F;loremcopy.com&#x2F;"" rel=""nofollow"">https:&#x2F;&#x2F;loremcopy.com&#x2F;</a><p>It&#x27;s a weekend project so why not (•‿•)<p>Also, I am new here. I didn&#x27;t know about Hacker News before. Glad to meet you all.",40254384,story,Show HN: I hate online Lorem Ipsum Generator so I made my own,"[40254455, 40255529, 40255741, 40254682, 40254838, 40255498, 40255025, 40255999, 40257766, 40255748, 40255594, 40255867, 40255747, 40254495, 40256261, 40254567, 40255143, 40254878, 40254559, 40255742, 40254621, 40254807, 40255639, 40254430]",53
PaulHoule,180,1714686264,https://www.anandtech.com/show/21373/tsmc-adds-silicon-photonics-coupe-roadmap-128tbps-on-package,,40241694,story,"TSMC Jumps into Silicon Photonics, Lays Out Roadmap for 12.8 Tbps Interconnect","[40242304, 40242219, 40246029]",20
vdelitz,182,1714503127,https://www.corbado.com/blog/passkey-implementation-pitfalls-misconceptions-unknowns,,40214736,story,"Passkey Implementation: Misconceptions, pitfalls and unknown unknowns","[40243137, 40245069, 40243745, 40243335, 40242327, 40245692, 40242809, 40243298, 40243039, 40245084, 40242011, 40242370, 40244847, 40244873, 40243383, 40242460, 40245597, 40243547, 40242966, 40243604, 40242824]",176
koevet,117,1714541497,https://www.nytimes.com/2024/04/30/books/paul-auster-dead.html,,40219823,story,Paul Auster has died,"[40226741, 40226990, 40228059, 40229432, 40221405, 40226755, 40224411, 40220491, 40232144, 40221636, 40233924, 40226869, 40228812, 40227891, 40226666, 40227938, 40227006, 40229155]",44
stalfosknight,171,1714771952,https://arstechnica.com/information-technology/2024/05/microsoft-ties-executive-pay-to-security-following-multiple-failures-and-breaches/,,40252619,story,Microsoft ties executive pay to security after multiple failures and breaches,"[40253231, 40252930, 40253025, 40253276, 40253008, 40252969, 40253125, 40252984, 40252898, 40253599, 40253202, 40254049, 40253152, 40253703, 40254803, 40252947, 40253486, 40253214, 40253706, 40253308, 40253255]",98
bschne,469,1714543734,https://medium.com/@anastasia.bizyayeva/every-map-of-china-is-wrong-bc2bce145db2,,40220072,story,Every map of China is wrong,"[40220434, 40245011, 40244714, 40241786, 40243355, 40248255, 40220375, 40244645, 40243481, 40246072, 40244105, 40243314, 40245795, 40249787, 40248254, 40247515, 40246118, 40243501, 40243941, 40220143, 40243218, 40242917, 40242757, 40245469, 40246280, 40244039, 40243749, 40245642, 40244377, 40248188, 40244969, 40246905, 40244234, 40243032, 40242833, 40220793]",253
gmjosack,259,1714517656,https://www.androidauthority.com/rabbit-r1-is-an-android-app-3438805/,,40217453,story,The Rabbit R1 is probably running Android and is powered by an Android app,"[40228458, 40223506, 40218712, 40222157, 40226231, 40218945, 40218529, 40218435, 40226983, 40219695, 40218311, 40234550, 40231305, 40223456, 40218485, 40223500, 40217655, 40223723, 40226499, 40232464, 40228038, 40231729, 40223538, 40218586, 40226259, 40231889, 40229839, 40226013, 40218976, 40219055, 40224320, 40230551, 40219150, 40224123, 40219025, 40218990, 40221378, 40218426, 40218688, 40224041]",303
thunderbong,16,1714795194,https://arstechnica.com/security/2024/05/microsoft-plans-to-lock-down-windows-dns-like-never-before-heres-how/,,40254688,story,Microsoft plans to lock down Windows DNS like never before,"[40257641, 40257179]",2
abetusk,72,1714681879,https://www.jakelow.com/blog/hobby-curves,,40241057,story,Hobby's algorithm for aesthetic Bézier splines,"[40242377, 40243830, 40253016, 40242459, 40246977, 40250560, 40243171, 40242635, 40248872]",28
whoishiring,538,1714575654,,"Please state the location and include REMOTE, INTERNS and&#x2F;or VISA
when that sort of candidate is welcome. When remote work is <i>not</i> an option,
include ONSITE.<p>Please only post if you personally are part of the hiring company—no
recruiting firms or job boards. One post per company. If it isn&#x27;t a household name,
explain what your company does.<p>Commenters: please don&#x27;t reply to job posts to complain about
something. It&#x27;s off topic here.<p>Readers: please only email if you are personally interested in the job.<p>Searchers: try <a href=""https:&#x2F;&#x2F;hnresumetojobs.com"" rel=""nofollow"">https:&#x2F;&#x2F;hnresumetojobs.com</a>,
<a href=""https:&#x2F;&#x2F;hnhired.fly.dev"" rel=""nofollow"">https:&#x2F;&#x2F;hnhired.fly.dev</a>, <a href=""https:&#x2F;&#x2F;kennytilton.github.io&#x2F;whoishiring&#x2F;"" rel=""nofollow"">https:&#x2F;&#x2F;kennytilton.github.io&#x2F;whoishiring&#x2F;</a>, <a href=""https:&#x2F;&#x2F;hnjobs.emilburzo.com"" rel=""nofollow"">https:&#x2F;&#x2F;hnjobs.emilburzo.com</a>.<p>Don&#x27;t miss these other fine threads:<p><i>Who wants to be hired?</i> <a href=""https:&#x2F;&#x2F;news.ycombinator.com&#x2F;item?id=40224210"">https:&#x2F;&#x2F;news.ycombinator.com&#x2F;item?id=40224210</a><p><i>Freelancer? Seeking freelancer?</i> <a href=""https:&#x2F;&#x2F;news.ycombinator.com&#x2F;item?id=40224211"">https:&#x2F;&#x2F;news.ycombinator.com&#x2F;item?id=40224211</a>",40224213,story,Ask HN: Who is hiring? (May 2024),"[40225454, 40225377, 40224939, 40232133, 40236997, 40228613, 40224398, 40226218, 40232356, 40224990, 40226814, 40226619, 40225831, 40228787, 40226938, 40224804, 40225811, 40231926, 40225413, 40236467, 40238389, 40226418, 40236654, 40225484, 40236461, 40226020, 40232979, 40224597, 40224459, 40235764, 40234188, 40224775, 40225626, 40230198, 40225047, 40224266, 40255683, 40226390, 40224619, 40230432, 40225190, 40227133, 40226577, 40224352, 40232116, 40226706, 40252376, 40224811, 40224360, 40224245, 40226120, 40227026, 40224322, 40241213, 40226874, 40226856, 40252906, 40229091, 40224723, 40241325, 40229829, 40225623, 40249579, 40237989, 40238627, 40241540, 40224302, 40239663, 40226134, 40232035, 40224852, 40225563, 40226011, 40225528, 40234248, 40238081, 40247386, 40240353, 40235113, 40249055, 40238740, 40234711, 40234815, 40225502, 40225280, 40232570, 40236460, 40242334, 40227568, 40229208, 40235696, 40225998, 40224325, 40240943, 40231075, 40229701, 40238196, 40229552, 40229279, 40245660, 40251322, 40226599, 40230669, 40225455, 40226253, 40224957, 40229770, 40225547, 40229298, 40226397, 40231822, 40233319, 40224988, 40228355, 40224260, 40225577, 40227608, 40225796, 40230701, 40225312, 40230024, 40229018, 40224866, 40235534, 40225732, 40246298, 40227355, 40231457, 40230304, 40232456, 40248894, 40235391, 40224913, 40229017, 40226368, 40226079, 40234388, 40231705, 40231089, 40224654, 40229779, 40232963, 40231488, 40224755, 40250830, 40227146, 40225265, 40230816, 40248757, 40230303, 40227037, 40242024, 40225256, 40226072, 40232030, 40226567, 40229099, 40239186, 40235577, 40228923, 40245326, 40234277, 40225149, 40232679, 40234384, 40235400, 40226391, 40231859, 40231903, 40239280, 40235909, 40242564, 40229932, 40234171, 40237946, 40233974, 40229256, 40235407, 40233014, 40227180, 40230039, 40231119, 40233194, 40228486, 40227127, 40227159, 40234168, 40224688, 40235075, 40225402, 40233479, 40229820, 40234389, 40227273, 40231237, 40226104, 40228802, 40227490, 40227697, 40230641, 40227504, 40224305, 40229760, 40232481, 40225876, 40230703, 40226870, 40226659, 40227022, 40227396, 40226717, 40230610, 40233789, 40250815, 40226362, 40228668, 40224903, 40225918, 40226868, 40225133, 40233461, 40226820, 40228522, 40228308, 40224774, 40228211, 40224248, 40230338, 40224279, 40224222, 40224947, 40228436, 40228746, 40224230, 40225560, 40224690, 40232471, 40225614, 40226248, 40235891, 40225374, 40229744, 40225405, 40226926, 40230441, 40224786, 40227071, 40227153, 40226385, 40231835, 40226355, 40227615, 40227256, 40226439, 40224806, 40226715, 40226665, 40227347, 40224705, 40226509, 40233906, 40229499, 40231784, 40226694, 40225279, 40231307, 40225627, 40226445, 40224695, 40226824, 40228922, 40231306, 40231499, 40226491, 40224272, 40227766, 40224221, 40226780, 40225350, 40225778, 40233072, 40224689, 40228770, 40226839, 40227344, 40235754, 40228201, 40226424, 40229342, 40225501, 40229363, 40229739, 40229174, 40225017, 40229405, 40229302, 40231191, 40234320, 40243956, 40225738, 40224251, 40229730, 40229295, 40225216, 40227435, 40228577, 40225278, 40230565, 40227602, 40228416, 40225146, 40225379, 40231073, 40235470, 40233967, 40227565, 40230477, 40227152, 40228829, 40226683, 40226324, 40225033, 40250674, 40230932, 40227643, 40225321, 40226016, 40233012, 40226963, 40228079, 40224942, 40226527, 40227445, 40228554, 40224570, 40232157, 40228228, 40250860, 40237338, 40231252, 40239291, 40225210, 40227268, 40226454, 40227100, 40224278, 40237955, 40232411, 40238258, 40224638, 40224975, 40225739, 40245830, 40224469, 40235537, 40227150, 40234373, 40234484, 40226289, 40233814, 40231970, 40232488, 40248393, 40248274, 40233003, 40234689, 40234950, 40234507, 40235460, 40228010, 40226043, 40234326, 40234336, 40234329, 40234334, 40235219, 40227594, 40234006, 40225546, 40228804]",623
